frac only,0,1,2,3,4,5,6,7,8,9,10,11,12,13,14,15,16,17,18,19,20,21,22,23,24,25,26,27,28,29,30,31,32,33,34,35,36,37,38,39,40,41,42,43,44,45,46,47,48,49,50,51,52,53,54,55,56,57,58,59,60,61,62,63,64,65,66,67,68,69,70,71,72,73,74,75,76,77,78,79,80,81,82,83,84,85,86,87,88,89,90,91,92,93,94,95,96,97,98,99,mean,std.dev.,base,base,p-value frac vs. inout,p-value frac v. ref
mean length,437.2903099,700.2522472,843.2151195,835.1633115,1001.361042,729.10234,918.9424081,793.5673329,691.1356666,724.881226,578.8916487,772.2926262,682.3487838,828.24713,595.0110346,392.1851264,831.877794,558.055327,510.1877971,511.3829928,1029.240851,1194.044225,557.4135369,1147.946423,689.3981305,672.5884641,442.4565228,798.9902045,758.8336162,371.2030912,653.0244941,694.6369907,1410.123851,888.6264731,411.8376741,731.2166471,908.1170783,591.9646587,903.3704997,516.8500396,858.1089437,495.3432886,931.8734381,676.0086124,779.3504495,1037.221443,445.4508393,1349.041219,982.2623857,897.5264382,826.7670148,678.6213808,670.3194229,672.9982044,927.7980639,783.496498,1150.8649,654.4297215,679.3393226,894.9661617,628.270502,620.8839985,873.8660497,1141.201281,757.5407066,761.005238,963.7855172,838.8463437,928.3321116,931.2460634,741.4776413,703.0197732,879.026831,479.5541004,604.4982237,784.8038622,548.4001805,521.908156,725.4846726,1110.275646,860.4316485,795.1469547,932.2717217,933.5897717,1166.51952,891.1194781,618.6455605,590.3138399,913.029849,650.7164761,723.6544147,899.0315571,639.2128155,729.2222439,1161.736247,821.846471,810.1702806,924.662689,681.4000625,873.9364728,778.5914746,204.0985096,1693.609221,1693.609221,0.00000017,0.0000000000000000000000000
cv length,1.607843679,1.839291675,1.645063124,1.707430305,1.497210312,1.588696934,1.356890014,1.539522119,1.655158627,1.829346689,2.051936564,1.453346673,1.857546991,1.599926124,1.640153126,2.110478209,1.65422815,1.596301717,1.91663553,1.878987387,1.48633551,1.111302365,2.069815334,1.383767003,1.845809206,1.856723771,1.952719659,1.706177571,1.565277826,1.623210116,1.68746898,1.844425849,1.021863684,1.5949102,1.670602997,1.564793844,1.357129124,1.626295336,1.563122776,1.861386166,1.420732665,1.958056923,1.482044891,1.859386715,1.504475781,1.243563047,1.63011107,1.231467199,1.521879479,1.599449442,1.538852747,1.366766837,1.527117334,1.5870972,1.553780706,1.731841767,1.367781441,2.005630266,1.882896007,1.598973576,1.557329916,1.787981867,1.602397762,1.352511479,1.768819375,1.523775838,1.301179155,1.66982103,1.357440335,1.560236553,1.78775382,1.847022285,1.632798743,1.545141556,1.301962594,1.703079509,1.84133389,1.386854143,1.523184753,1.375430538,1.696063739,1.487061954,1.333613622,1.357135622,0.936217735,1.37830217,1.372222593,1.833977417,1.36783659,1.653276338,1.49839888,1.591996992,1.919590587,1.599000009,1.366021479,1.704632229,1.71684734,1.601058313,1.661933212,1.626506358,1.601587847,0.219227051,0.852463613,0.852463613,0.01822149,0.0000000000000000000000000
length entropy,0.374604661,0.336220693,0.422277649,0.394645305,0.487489621,0.482400558,0.566500078,0.421073652,0.468960423,0.358056904,0.291415117,0.50418813,0.381013862,0.480485403,0.422192534,0.208731757,0.422277649,0.382321717,0.397512318,0.29000338,0.43293449,0.664915987,0.280891228,0.563559297,0.336220693,0.32891345,0.242062861,0.464750607,0.53389772,0.383149838,0.442849388,0.381013862,0.772951032,0.445963422,0.357423608,0.449096309,0.530496937,0.44684793,0.445963422,0.247755675,0.569012797,0.285777137,0.516615339,0.372933219,0.469509137,0.639927321,0.372058632,0.669781488,0.531607486,0.445963422,0.472747087,0.550394546,0.527378586,0.444789121,0.516615339,0.453489723,0.610801086,0.306992633,0.32891345,0.416205514,0.528810762,0.384801368,0.489201117,0.602244578,0.391453273,0.469509137,0.580909459,0.4766364,0.616715313,0.516615339,0.306992633,0.336220693,0.460545354,0.464365315,0.622983982,0.401170399,0.295193346,0.501279313,0.449096309,0.629663909,0.489201117,0.515485141,0.595548512,0.542178151,0.828099618,0.612310365,0.610606868,0.331318908,0.616715313,0.38923664,0.497454643,0.445963422,0.35784082,0.408475066,0.563559297,0.36917733,0.38474978,0.397032341,0.392175004,0.489201117,0.457062797,0.112758402,0.856087394,0.856087394,0.12317886,0.0000000000000000000000000
tortuosity,1.066829783,1.123212752,1.113657519,1.149463347,1.089567158,1.07843067,1.108912742,1.083861829,1.111403109,1.171868176,1.175397261,1.054229955,1.144338405,1.090686831,1.078311943,1.157633942,1.064788476,1.122922185,1.143525301,1.160920422,1.125170104,1.059009153,1.133563697,1.224390438,1.078261034,1.110490855,1.057973824,1.191937551,1.093807077,1.090009509,1.093521778,1.090918539,1.072183039,1.169230113,1.072953704,1.059574771,1.070401511,1.098078131,1.12219576,1.145049571,1.091842707,1.125319352,1.10657615,1.121578717,1.092306267,1.109931785,1.063608281,1.107444689,1.14176153,1.086687804,1.124320201,1.111108457,1.074870122,1.073065054,1.09527451,1.070396301,1.126952967,1.131128082,1.081003085,1.124623093,1.093509261,1.139394122,1.100402274,1.087708868,1.075869622,1.055252173,1.070782455,1.09807514,1.060921823,1.107939673,1.115003949,1.130036863,1.157227627,1.109605596,1.127165672,1.124506837,1.132909788,1.104187085,1.128835421,1.201968667,1.133255769,1.076983127,1.109103253,1.059699071,1.122417611,1.099009502,1.096356737,1.181572849,1.077771464,1.095845691,1.106696103,1.089831254,1.135674823,1.062431736,1.148663723,1.097523831,1.105503395,1.112630218,1.115986367,1.121299233,1.108780398,0.03427214,1.004307093,1.004307093,0.00136425,0.0000000000000000000000000
orientation entropy,0.89938016,0.897756925,0.873520755,0.887143862,0.893690866,0.891443416,0.876664088,0.892036108,0.887169007,0.883113118,0.901444915,0.881293076,0.870547497,0.847592959,0.919242744,0.925326857,0.870176875,0.918493349,0.887408881,0.917326247,0.877632955,0.869400956,0.89427858,0.880259894,0.893607746,0.883811264,0.896658753,0.884057877,0.883242131,0.938596215,0.878076291,0.889662981,0.878923264,0.867708791,0.90675478,0.892379924,0.882390008,0.871935383,0.888835212,0.909736591,0.870478685,0.907999047,0.884370418,0.902210767,0.893207453,0.887108644,0.901939288,0.88284764,0.895193034,0.882128912,0.92664728,0.909585899,0.897366802,0.879031345,0.888073798,0.871705354,0.879686612,0.913417367,0.891872422,0.887223116,0.879739278,0.886444883,0.886921975,0.867097181,0.878033073,0.869342763,0.884526927,0.895220633,0.8724002,0.884927832,0.896290924,0.887300925,0.87807268,0.890531571,0.914427445,0.897085594,0.909864535,0.892826005,0.870341345,0.886049332,0.896437611,0.858887084,0.88233576,0.898958099,0.928535326,0.880179304,0.915985626,0.912690232,0.865563334,0.905401791,0.913321118,0.889541869,0.874340202,0.89057326,0.885778287,0.905123034,0.885994734,0.881701855,0.911454114,0.891016984,0.890420799,0.016076456,0.514135349,0.514135349,0.00000000,0.0000000000000000000000000
aspl,10.36647315,8.214285714,7.675403226,6.843678161,6.295384615,7.722222222,6.003076923,5.062678063,8.06685633,7.967914439,10.53429952,8.005347594,8.982930299,7.46780303,7.819490587,11.95706215,7.258064516,8.908033827,11.41882353,9.258985201,5.896666667,4.952380952,11.17346939,4.995238095,8.327327327,8.653153153,12.05791246,7.588709677,7.659090909,16.25731211,10.08478513,9.348717949,4.044117647,6.324786325,11.14202221,8.444444444,6.650793651,9.928118393,7.621505376,9.863089732,6.679802956,9.762352941,6.282051282,8.725462304,8.253781513,5.692028986,13.00233781,4.65497076,5.926153846,6.645502646,6.992610837,7.604761905,8.285285285,9.171794872,6.608465608,7.388257576,4.995238095,8.34789916,9.629487179,6.95320197,7.933333333,9.959025471,7.372043011,5.303030303,8.265546218,7.921568627,6.634920635,7.251612903,6.650793651,6.844827586,8.278991597,8.56006006,7.206451613,9.93622449,9.883855981,7.930481283,8.901439646,11.14153562,8.061904762,5.525362319,6.251322751,7.030107527,6.356125356,6.425925926,5.216450216,6.044973545,8.317139001,8.828106852,6.608465608,7.731152205,7.323863636,6.95320197,9.226923077,8.602102102,5.277056277,7.31954023,7.359139785,6.293447293,6.705645161,7,7.888775998,1.945846318,3.395604396,3.395604396,0.05690559,0.0000000000000000000000000
cpd,0.341131028,0.315918367,0.304197017,0.319177849,0.313066667,0.279327731,0.3344,0.358461538,0.325785245,0.320075758,0.319551066,0.306186869,0.299651002,0.360761089,0.420690227,0.440281726,0.312681992,0.415848979,0.307273469,0.431095315,0.321708937,0.350789474,0.300762781,0.331842105,0.354188713,0.302204586,0.319175919,0.307180021,0.308656754,0.299175372,0.292653183,0.325547597,0.413020833,0.318816568,0.331007364,0.318121693,0.312335127,0.311674264,0.303295019,0.367380802,0.319160998,0.427934694,0.339763314,0.328585342,0.303108944,0.323938821,0.303038363,0.345679012,0.329066667,0.312546164,0.309901738,0.429435774,0.314638448,0.306100557,0.325841511,0.317666331,0.331842105,0.330449827,0.293747188,0.311413454,0.338835254,0.301269288,0.340689655,0.37324263,0.322009018,0.321567952,0.324786325,0.309348659,0.312335127,0.348450491,0.33259935,0.331040564,0.313333333,0.367002807,0.297174301,0.321280992,0.335407334,0.311699223,0.317070828,0.371025949,0.328268439,0.33862069,0.317514793,0.32130421,0.377777778,0.348316978,0.341581193,0.39666865,0.340614118,0.46489733,0.321887601,0.311413454,0.31776186,0.3045194,0.329705215,0.302870732,0.306704981,0.320118343,0.440790843,0.309580431,0.333500454,0.036895951,0.433925049,0.433925049,0.00682276,0.0000000000000000000000000
mean degree,2.41509434,2.388888889,2.3125,2.333333333,2.230769231,2.277777778,2.230769231,2.37037037,2.368421053,2.352941176,2.434782609,2.235294118,2.368421053,2.242424242,2.372093023,2.466666667,2.322580645,2.363636364,2.431372549,2.409090909,2.24,2.095238095,2.448979592,2.19047619,2.324324324,2.378378378,2.4,2.3125,2.303030303,2.486486486,2.285714286,2.35,2,2.296296296,2.474576271,2.27027027,2.214285714,2.363636364,2.258064516,2.425531915,2.275862069,2.470588235,2.222222222,2.368421053,2.342857143,2.166666667,2.440677966,2.105263158,2.307692308,2.285714286,2.275862069,2.277777778,2.27027027,2.3,2.285714286,2.363636364,2.19047619,2.4,2.35,2.275862069,2.35,2.418604651,2.322580645,2.181818182,2.342857143,2.294117647,2.214285714,2.322580645,2.214285714,2.275862069,2.342857143,2.378378378,2.322580645,2.408163265,2.380952381,2.352941176,2.418604651,2.382978723,2.333333333,2.25,2.357142857,2.258064516,2.222222222,2.285714286,2.181818182,2.214285714,2.41025641,2.380952381,2.214285714,2.368421053,2.363636364,2.275862069,2.4,2.324324324,2.181818182,2.266666667,2.322580645,2.296296296,2.375,2.333333333,2.31561044,0.086890244,1.857142857,1.857142857,0.00119852,0.0000000000000000000000000
cv degree,0.34864912,0.35062664,0.371465054,0.378894276,0.38682217,0.387183119,0.40707185,0.407818717,0.432605071,0.345150384,0.342559395,0.382451019,0.3459668,0.402438468,0.356566606,0.329324714,0.375137149,0.366007848,0.34169194,0.31419617,0.41319772,0.450378629,0.344281996,0.423829423,0.393453811,0.333892437,0.326708866,0.354854775,0.367877301,0.327765187,0.35220343,0.379996878,0.5,0.378391571,0.330146884,0.423619243,0.395566442,0.342507128,0.36100766,0.318710534,0.405042498,0.382733929,0.401200123,0.372780944,0.372430131,0.423152927,0.333998677,0.444878261,0.420475921,0.373840801,0.369429859,0.387183119,0.383557971,0.37102146,0.392345747,0.378680167,0.423829423,0.338199771,0.327495867,0.369429859,0.341378916,0.374541845,0.391262597,0.415673419,0.357753466,0.37984611,0.414222802,0.375137149,0.395566442,0.387645357,0.342448364,0.348289224,0.391262597,0.316229659,0.333846759,0.375529929,0.328206648,0.310022343,0.383325939,0.439586982,0.403535037,0.411765735,0.401200123,0.392345747,0.439079725,0.432074356,0.389180837,0.333846759,0.395566442,0.3459668,0.407152218,0.369429859,0.37505935,0.380161235,0.415673419,0.38309337,0.358286675,0.397200642,0.333943385,0.395256889,0.37724319,0.034965749,0.553056636,0.553056636,0.11044169,0.0000000000000000000000000
correlation vertex degree,-0.307424016,-0.271899886,-0.471879287,-0.323751891,-0.411192214,-0.318327974,-0.330275229,-0.142857143,-0.481481481,-0.34351145,-0.38028169,-0.413447783,-0.45464025,-0.551171393,-0.353658537,-0.528711485,-0.398561151,-0.371196755,-0.403543307,-0.354965585,-0.470707071,-0.407407407,-0.468330134,-0.343642612,-0.437115215,-0.338624339,-0.286410395,-0.382003396,-0.346687211,-0.427230047,-0.441441441,-0.522535211,-0.389423077,-0.323595506,-0.340172786,-0.5,-0.403292181,-0.371702638,-0.466302368,-0.352112676,-0.527777778,-0.286498019,-0.36659436,-0.442807626,-0.527693857,-0.382978723,-0.440514469,-0.416666667,-0.408450704,-0.35881104,-0.394366197,-0.450160772,-0.342011834,-0.460980036,-0.405405405,-0.372937294,-0.343642612,-0.396551724,-0.419279907,-0.394366197,-0.360801782,-0.422222222,-0.434782609,-0.389067524,-0.413793103,-0.413043478,-0.48349835,-0.450359712,-0.403292181,-0.483146067,-0.372634643,-0.340587595,-0.608695652,-0.347244094,-0.420959147,-0.430073607,-0.292202228,-0.424561404,-0.5,-0.476190476,-0.253164557,-0.36977058,-0.36659436,-0.405405405,-0.485148515,-0.326465927,-0.356955381,-0.420959147,-0.403292181,-0.407716371,-0.421495327,-0.394366197,-0.492579505,-0.435920578,-0.389067524,-0.455657492,-0.35,-0.381461676,-0.34751773,-0.463878327,-0.401645821,0.069163841,-0.444444444,-0.444444444,0.60949414,0.0000000159189666008734000
n nodes simple,53,36,32,30,26,36,26,27,38,34,46,34,38,33,43,60,31,44,51,44,25,21,49,21,37,37,55,32,33,74,42,40,17,27,59,37,28,44,31,47,29,51,27,38,35,24,59,19,26,28,29,36,37,40,28,33,21,35,40,29,40,43,31,22,35,34,28,31,28,29,35,37,31,49,42,34,43,47,36,24,28,31,27,28,22,28,39,42,28,38,33,29,40,37,22,30,31,27,32,30,35.03,9.775944967,14,14,0.00008026,0.0000000000000000000000000
n nodes complex,429,468,463,456,456,454,439,421,478,461,450,456,439,475,433,410,459,436,466,403,443,447,457,455,461,442,429,452,447,419,454,460,429,454,410,457,449,437,465,423,460,437,446,451,448,445,443,460,445,451,415,424,455,457,451,467,449,415,456,443,442,467,469,458,443,451,444,443,452,451,451,448,448,416,415,464,418,409,458,451,450,461,463,455,425,455,419,434,443,418,441,453,461,455,455,395,447,441,398,481,445.08,17.77508368,36,36,0.00000000,0.0000000000000000000000000
,,,,,,,,,,,,,,,,,,,,,,,,,,,,,,,,,,,,,,,,,,,,,,,,,,,,,,,,,,,,,,,,,,,,,,,,,,,,,,,,,,,,,,,,,,,,,,,,,,,,,,,,,,
,,,,,,,,,,,,,,,,,,,,,,,,,,,,,,,,,,,,,,,,,,,,,,,,,,,,,,,,,,,,,,,,,,,,,,,,,,,,,,,,,,,,,,,,,,,,,,,,,,,,,,,,,,
frac + inout,0,1,2,3,4,5,6,7,8,9,10,11,12,13,14,15,16,17,18,19,20,21,22,23,24,25,26,27,28,29,30,31,32,33,34,35,36,37,38,39,40,41,42,43,44,45,46,47,48,49,50,51,52,53,54,55,56,57,58,59,60,61,62,63,64,65,66,67,68,69,70,71,72,73,74,75,76,77,78,79,80,81,82,83,84,85,86,87,88,89,90,91,92,93,94,95,96,97,98,99,mean,std.dev.,base,base,,p-value inout  v. ref
mean length,697.7157118,834.2817426,788.711501,650.6219423,730.3999094,759.3104942,441.0985398,461.82505,467.1720089,804.8141692,523.7532771,453.0536997,1183.401616,479.3420954,472.2130253,600.2024049,454.6213925,708.0103112,563.6398095,475.8046212,436.4728697,556.4628436,696.9627332,808.6765391,539.2658321,811.9538983,452.9547286,427.0716699,806.9030669,835.6030956,548.4100305,581.5636431,432.1086213,698.7679807,581.8777084,648.2252948,720.0530364,1051.828651,369.1893661,522.1524967,884.936874,1137.221647,1077.727627,628.5145382,441.5516729,425.6716826,843.0293619,430.7851686,523.2690426,610.325557,590.7595222,498.4764466,620.1997045,420.4798045,1297.543973,478.1943748,833.0230685,537.7626595,445.0978543,473.8186725,755.3114968,423.4771287,574.6009946,463.1849426,462.8038193,685.1309593,545.3311553,513.5613337,476.6179755,544.4406629,679.5105283,394.1469093,685.5743979,765.2595975,400.4325201,692.5710545,968.059613,393.5698461,436.2320748,533.1793913,801.1286649,413.5033619,555.5479713,474.1039551,1048.701236,531.3650613,476.7468349,542.9332405,431.870641,509.3948479,765.2340826,728.8262548,515.2414394,547.599705,439.2556843,1072.895275,364.5340199,795.801339,507.1459812,1036.157586,622.2587026,201.4994679,1693.609221,1693.609221,,0.0000000000000000000000000
cv length,1.608088438,1.759354145,1.443823835,1.924736575,1.538664993,1.827432118,1.397642691,1.864454946,1.486505789,1.88366405,1.61915006,1.365737309,1.494827232,1.396185521,1.451008222,1.588492471,1.640321015,1.330316492,1.286295145,1.433197017,1.717270937,1.888542418,1.835464691,1.670837014,1.65173453,1.705511318,2.037206055,1.452419428,1.304247957,1.71993921,1.98113516,1.179340082,1.414426981,1.585347031,1.863156378,1.721910011,1.785303977,1.363935004,1.429875432,1.546986623,1.677947908,1.356577977,1.410701558,1.31623542,1.211869278,1.352782786,1.856597473,2.03966813,1.409959341,1.621293592,1.836156567,1.262549618,1.288991461,1.426682025,0.969584398,1.327580671,1.539018409,1.41351853,1.373714495,1.466028537,1.412255009,1.401076905,1.167510372,1.79274032,1.430099101,1.303706751,1.295289459,1.699542024,1.282799332,1.592161588,1.578059858,1.268752825,1.759436653,1.530305894,1.375554407,1.655763015,1.525628949,1.575639397,1.447628396,1.302515505,1.606443647,1.410491873,1.266125047,1.369975634,1.724409698,1.422900241,1.324289171,1.356284711,1.572419881,1.556099828,1.841781118,1.776911742,1.385438651,1.5915091,1.545098396,1.038800468,1.505089599,1.686694974,1.659137234,1.405259889,1.527935731,0.216059055,0.852463613,0.852463613,,0.0000000000000000000000000
length entropy,0.383468386,0.427980566,0.532094632,0.381013862,0.514568466,0.410942058,0.553322898,0.367078012,0.45003688,0.375380212,0.396481563,0.505921035,0.441038414,0.527037018,0.538406429,0.470108019,0.385213326,0.595650736,0.669429985,0.520634724,0.365248006,0.318858344,0.303946837,0.385351127,0.370854215,0.472747087,0.280919895,0.513512311,0.623667897,0.440504089,0.295193346,0.675435964,0.576701058,0.501128526,0.332034269,0.38923664,0.358056904,0.563559297,0.480446529,0.420447519,0.489201117,0.517316959,0.563559297,0.632482977,0.567572384,0.436825571,0.328883466,0.231965535,0.403366083,0.426132909,0.308558753,0.609533521,0.678208749,0.452090615,0.867008961,0.559160177,0.510644096,0.48542518,0.531993904,0.420920039,0.485667115,0.467947258,0.681250433,0.354071853,0.521838653,0.58954124,0.634003031,0.418798292,0.507985044,0.436363583,0.462165499,0.549119223,0.332116448,0.533320587,0.491537715,0.383468386,0.529416782,0.443637098,0.548744579,0.629150785,0.403233827,0.543266587,0.568281075,0.578695887,0.461035759,0.571094812,0.581532507,0.597258218,0.390718823,0.448956431,0.428001091,0.432653367,0.563123296,0.436608067,0.419164383,0.747460002,0.429274882,0.394645305,0.40346753,0.604530255,0.481376531,0.108179332,0.856087394,0.856087394,,0.0000000000000000000000000
tortuosity,1.08902708,1.085666831,1.076215234,1.060701816,1.071760637,1.070831076,1.070845867,1.078816322,1.124225008,1.235162416,1.073894806,1.084289744,1.098948011,1.083588653,1.085201954,1.059463383,1.093007092,1.107476757,1.064727212,1.072995259,1.097340118,1.093578554,1.049585013,1.042733231,1.09988115,1.123104333,1.188076194,1.064816408,1.094493093,1.055634065,1.111336056,1.114245383,1.105541015,1.119682955,1.177702832,1.111228271,1.107213259,1.075309229,1.069195807,1.17876117,1.157161702,1.14208766,1.080497184,1.089060107,1.063008473,1.158793097,1.098763998,1.069914697,1.119105732,1.083664962,1.087569777,1.072709185,1.085140446,1.069034718,1.062157193,1.083550115,1.078769226,1.099899048,1.082392818,1.093473623,1.066253403,1.084963735,1.088772875,1.073218937,1.089833089,1.120871269,1.140348437,1.125858924,1.077209237,1.044965224,1.074209423,1.077685361,1.137935059,1.073193683,1.064401296,1.080498466,1.072105704,1.095728539,1.070088373,1.063886132,1.093066127,1.093571998,1.080633195,1.094234136,1.121754265,1.04886076,1.086275055,1.066686177,1.146141296,1.076206126,1.094081513,1.102470165,1.068233785,1.079376169,1.072884189,1.135946285,1.113378166,1.092652715,1.120565554,1.096319291,1.093484212,0.031945541,1.004307093,1.004307093,,0.0000000000000000000000000
orientation entropy,0.884392784,0.88309958,0.896633695,0.944693907,0.9029085,0.895438255,0.943913984,0.930377657,0.939081965,0.869808221,0.929380219,0.936341351,0.903966001,0.950018747,0.959173014,0.942429523,0.8887634,0.927211573,0.943310891,0.93625219,0.953034792,0.906581083,0.893947066,0.938677336,0.961658398,0.920474134,0.91727931,0.946848139,0.948301018,0.917015982,0.882127028,0.946451604,0.936975973,0.891711778,0.939817196,0.92057602,0.891497395,0.925347852,0.95407902,0.954541534,0.88633184,0.919891939,0.937363874,0.916371006,0.959518519,0.945957174,0.923136234,0.900951771,0.961004068,0.907094772,0.957050981,0.949337053,0.932475641,0.961320051,0.923363569,0.946750442,0.96122923,0.955602154,0.956473743,0.961472524,0.973999613,0.96044833,0.927052282,0.931167685,0.962936962,0.938308191,0.953461731,0.914882003,0.943061024,0.930084072,0.891749692,0.959641677,0.897707264,0.88177195,0.957983456,0.879528482,0.950277381,0.952450628,0.930939543,0.943054988,0.929603636,0.950670211,0.934081852,0.943548674,0.899687165,0.949039009,0.947409469,0.953314937,0.973053154,0.937264845,0.893241701,0.881368633,0.952451375,0.961547832,0.951569449,0.948407013,0.946969481,0.91085133,0.866260454,0.95430245,0.930819843,0.026353057,0.514135349,0.514135349,,0.0000000000000000000000000
aspl,7.006048387,5.701058201,6.746236559,8.583214794,7.085020243,6.941414141,10.68282313,6.221485411,9.577380952,7.350806452,9.441414141,9.126530612,3.710526316,8.584848485,10.67996454,7.208974359,12.81140351,8.216806723,8.724358974,10.62257169,10.08013468,8.529487179,6.631465517,6.031746032,8.714285714,5.968660969,11.03563941,10.16440422,7.401209677,5.274247492,9.202020202,8.210526316,9.653061224,8.528528529,9.159468439,8.458036984,8.872372372,5.55,12.31578947,9.352836879,6.477419355,4.157894737,4.807272727,8.649122807,10.89404935,11.95824916,6.896551724,11.11105235,8.347780127,8.350951374,8.485481998,9.285024155,7.304812834,11.29027576,2.57037037,11.09796807,5.556666667,7.670731707,9.583333333,8.219858156,5.868945869,10.03092006,7.583214794,10.70859539,9.67979798,7.215909091,6.623809524,10.09898242,9.884751773,8.426984127,7.578078078,11.52483359,8.326984127,7.052419355,10.44412192,7.43315508,5.713768116,11.05827068,10.8453997,9.535991141,7.288172043,11.66818182,8.09851552,10.65877551,4.886956522,8.034615385,9.449411765,8.020512821,9.133877551,10.14693446,6.539784946,8.631746032,8.7514518,7.358858859,13.29152542,5.946666667,11.94548872,6.885080645,10.24312334,4.511961722,8.44,2.10,3.395604396,3.395604396,,0.0000000000000000000000000
cpd,0.326118626,0.509760473,0.334482759,0.311054298,0.469922138,0.282510081,0.367981678,0.112679739,0.392444223,0.338674991,0.321401115,0.406861724,0.298838054,0.360152796,0.307063987,0.558393024,0.330658627,0.334539163,0.3181771,0.304232304,0.399888708,0.347659089,0.313770378,0.375435264,0.362673525,0.371952663,0.420009858,0.332918108,0.312521679,0.288933333,0.441692293,0.347901956,0.465083993,0.306679894,0.420524307,0.336214593,0.296582892,0.446859903,0.312085037,0.334166552,0.367816092,0.459331881,0.374094203,0.313393726,0.352622114,0.305432616,0.308106576,0.419116725,0.409101445,0.296839991,0.392950625,0.391941639,0.357036272,0.313957536,0.159602076,0.317416464,0.355978261,0.345064103,0.346612736,0.402936603,0.356923077,0.351633987,0.469117766,0.327340691,0.339515664,0.325478831,0.400336134,0.316120563,0.343141693,0.318127251,0.441446208,0.348595213,0.304729892,0.324523066,0.330099199,0.358758035,0.349716446,0.395489332,0.425390235,0.335020187,0.311609195,0.407015611,0.347645429,0.322660697,0.27892562,0.419149452,0.39115102,0.336482231,0.517336526,0.298977568,0.398850575,0.327490996,0.349910767,0.385890653,0.301875204,0.317557367,0.315619202,0.363579605,0.286800015,0.307482993,0.35,0.06,0.433925049,0.433925049,,0.0000000000000000000001420
mean degree,2.3125,2.285714286,2.258064516,2.368421053,2.41025641,2.303030303,2.408163265,2.461538462,2.448979592,2.375,2.355555556,2.44,2.105263158,2.4,2.375,2.4,2.456140351,2.285714286,2.3,2.382978723,2.472727273,2.4,2.25,2.214285714,2.418604651,2.296296296,2.481481481,2.5,2.3125,2.230769231,2.4,2.368421053,2.4,2.378378378,2.372093023,2.368421053,2.324324324,2.24,2.482758621,2.5,2.387096774,2.210526316,2.08,2.307692308,2.377358491,2.472727273,2.275862069,2.483870968,2.454545455,2.363636364,2.333333333,2.391304348,2.352941176,2.452830189,2,2.452830189,2.24,2.390243902,2.408163265,2.458333333,2.296296296,2.423076923,2.315789474,2.407407407,2.4,2.363636364,2.388888889,2.468085106,2.416666667,2.333333333,2.324324324,2.444444444,2.333333333,2.3125,2.452830189,2.352941176,2.166666667,2.456140351,2.384615385,2.372093023,2.258064516,2.392857143,2.358974359,2.4,2.173913043,2.45,2.431372549,2.4,2.44,2.363636364,2.322580645,2.333333333,2.333333333,2.432432432,2.466666667,2.16,2.49122807,2.3125,2.408163265,2.090909091,2.36,0.10,1.857142857,1.857142857,,0.0000000000000000000000000
cv degree,0.371465054,0.392345747,0.411765735,0.385489216,0.389180837,0.413140085,0.327392782,0.381279129,0.354227936,0.38187887,0.340532657,0.322386414,0.444878261,0.337099931,0.354146767,0.419859561,0.327076234,0.360950033,0.37102146,0.333806692,0.328863972,0.350518541,0.407027084,0.449217062,0.352137187,0.378391571,0.300556191,0.331366748,0.417348069,0.426360869,0.325184485,0.385489216,0.34708047,0.36211408,0.356566606,0.3459668,0.337153609,0.392586487,0.304056664,0.330054799,0.428273924,0.466704458,0.458624616,0.346578936,0.352183722,0.328863972,0.369429859,0.332005814,0.345412308,0.388088079,0.397853874,0.346844625,0.360660169,0.335106421,0.514495755,0.353669238,0.41319772,0.360840912,0.338187626,0.345554762,0.448924112,0.340380213,0.390192761,0.307459999,0.325184485,0.378680167,0.364626075,0.376415799,0.350214706,0.369382117,0.406311749,0.342882849,0.354890859,0.387363732,0.335106421,0.360660169,0.423152927,0.327076234,0.343947632,0.318984573,0.395570715,0.315551411,0.382724395,0.34708047,0.407966131,0.369144969,0.360951742,0.362996394,0.342993408,0.366007848,0.406749258,0.339782129,0.349927106,0.394092174,0.345828542,0.436758386,0.313902646,0.371465054,0.338187626,0.44054157,0.37,0.04,0.553056636,0.553056636,,0.0000000000000000000000000
correlation vertex degree,-0.317152104,-0.513513514,-0.36977058,-0.538753799,-0.298498498,-0.417910448,-0.427419355,-0.628140704,-0.446808511,-0.446366782,-0.35180299,-0.24635143,-0.083333333,-0.458333333,-0.449438202,-0.247457627,-0.555555556,-0.406469761,-0.377495463,-0.448275862,-0.49025974,-0.254901961,-0.25257732,-0.369477912,-0.237202596,-0.323595506,-0.427050053,-0.44766147,-0.550682261,-0.115384615,-0.415409055,-0.504559271,-0.300722624,-0.548148148,-0.573170732,-0.548488008,-0.431424767,-0.601694915,-0.265116279,-0.435845214,-0.377171216,-0.340425532,-0.333333333,-0.422716628,-0.53125,-0.628246753,-0.394366197,-0.56692462,-0.361916772,-0.485714286,-0.581556196,-0.529754204,-0.286549708,-0.453867661,-0.515151515,-0.37013219,-0.294403893,-0.325347759,-0.35232482,-0.186413043,-0.388059701,-0.288411117,-0.636517329,-0.382978723,-0.329079307,-0.378787879,-0.233995585,-0.297997644,-0.37849079,-0.432343234,-0.529775715,-0.490759754,-0.578587699,-0.321428571,-0.423578751,-0.343283582,-0.382978723,-0.458333333,-0.424543081,-0.357215967,-0.37254902,-0.445523193,-0.196747967,-0.424962102,-0.132930514,-0.261802575,-0.518810149,-0.350482315,-0.363821138,-0.558409786,-0.269095182,-0.401947149,-0.357072206,-0.217948718,-0.600118483,-0.5,-0.203389831,-0.421124829,-0.160552897,-0.164556962,-0.39,0.12,-0.444444444,-0.444444444,,0.0001019016989021490000000
n nodes simple,32,28,31,38,39,33,49,52,49,32,45,50,19,45,48,40,57,35,40,47,55,40,32,28,43,27,54,52,32,26,45,38,50,37,43,38,37,25,58,48,31,19,25,39,53,55,29,62,44,44,42,46,34,53,18,53,25,41,49,48,27,52,38,54,45,33,36,47,48,36,37,63,36,32,53,34,24,57,52,43,31,56,39,50,23,40,51,40,50,44,31,36,42,37,60,25,57,32,49,22,40.89,10.67,14,14,,0.0000000000000000000000000
n nodes complex,421,413,442,451,483,407,398,416,419,469,433,417,390,392,411,440,442,440,386,394,409,424,383,409,450,429,420,405,455,382,433,392,392,437,448,431,433,423,397,451,458,426,440,429,408,408,426,427,415,454,420,411,433,404,402,449,414,406,416,452,363,401,389,483,414,454,403,427,445,357,431,435,428,455,379,407,433,412,414,404,435,404,424,392,416,421,427,413,391,355,439,457,412,400,445,463,397,442,398,395,420.25,24.91,36,36,,0.0000000000000000000000000
,,,,,,,,,,,,,,,,,,,,,,,,,,,,,,,,,,,,,,,,,,,,,,,,,,,,,,,,,,,,,,,,,,,,,,,,,,,,,,,,,,,,,,,,,,,,,,,,,,,,,,,,,,
,,,,,,,,,,,,,,,,,,,,,,,,,,,,,,,,,,,,,,,,,,,,,,,,,,,,,,,,,,,,,,,,,,,,,,,,,,,,,,,,,,,,,,,,,,,,,,,,,,,,,,,,,,
,,,,,,,,,,,,,,,,,,,,,,,,,,,,,,,,,,,,,,,,,,,,,,,,,,,,,,,,,,,,,,,,,,,,,,,,,,,,,,,,,,,,,,,,,,,,,,,,,,,,,,,,,,
,,,,,,,,,,,,,,,,,,,,,,,,,,,,,,,,,,,,,,,,,,,,,,,,,,,,,,,,,,,,,,,,,,,,,,,,,,,,,,,,,,,,base,,frac only,,,,,,frac + inout,,,,,,,,,,,,,,
,,,,,,,,,,,,,,,,,,,,,,,,,,,,,,,,,,,,,,,,,,,,,,,,,,,,,,,,,,,,,,,,,,,,,,,,,,,,,,,,,,,,,,mean,std.dev.,dif from base,%dif,,,mean,std.dev.,dif from base,%dif,,dif frac bigger than dif inout?,,std dv dif from frac only,%dif,,,,,,
mean length,,,,,,,,,,,,,,,,,,,,,,,,,,,,,,,,,,,,,,,,,,,,,,,,,,,,,,,,,,,,,,,,,,,,,,,,,,,,,,,,,,,,1693.609221,,778.5914746,204.0985096,-915.0177465,-54.02767859,,,622.2587026,201.4994679,-1071.350518,-63.25842497,,156.3327719,,-2.599041722,-1.273425135,,,,,,
cv length,,,,,,,,,,,,,,,,,,,,,,,,,,,,,,,,,,,,,,,,,,,,,,,,,,,,,,,,,,,,,,,,,,,,,,,,,,,,,,,,,,,,0.852463613,,1.601587847,0.219227051,0.749124234,87.87756123,,,1.527935731,0.216059055,0.675472118,79.23764813,,-0.073652115,,-0.003167996,-1.445075139,,,,,,
length entropy,,,,,,,,,,,,,,,,,,,,,,,,,,,,,,,,,,,,,,,,,,,,,,,,,,,,,,,,,,,,,,,,,,,,,,,,,,,,,,,,,,,,0.856087394,,0.457062797,0.112758402,-0.399024597,-46.61026432,,,0.481376531,0.108179332,-0.374710863,-43.77016479,,-0.024313734,,-0.00457907,-4.060956712,,,,,,
tortuosity,,,,,,,,,,,,,,,,,,,,,,,,,,,,,,,,,,,,,,,,,,,,,,,,,,,,,,,,,,,,,,,,,,,,,,,,,,,,,,,,,,,,1.004307093,,1.108780398,0.03427214,0.104473305,10.40252589,,,1.093484212,0.031945541,0.089177119,8.879467243,,-0.015296186,,-0.0023266,-6.788603173,,,,,,
orientation entropy,,,,,,,,,,,,,,,,,,,,,,,,,,,,,,,,,,,,,,,,,,,,,,,,,,,,,,,,,,,,,,,,,,,,,,,,,,,,,,,,,,,,0.514135349,,0.890420799,0.016076456,0.37628545,73.18801362,,,0.930819843,0.026353057,0.416684494,81.0456807,,0.040399044,,0.010276602,63.92330637,,,,,,
aspl,,,,,,,,,,,,,,,,,,,,,,,,,,,,,,,,,,,,,,,,,,,,,,,,,,,,,,,,,,,,,,,,,,,,,,,,,,,,,,,,,,,,3.395604396,,7.888775998,1.945846318,4.493171603,132.3231767,,,8.44,2.10,5.044378105,148.5561189,,0.551206502,,0.154954226,7.963333193,,,,,,
cpd,,,,,,,,,,,,,,,,,,,,,,,,,,,,,,,,,,,,,,,,,,,,,,,,,,,,,,,,,,,,,,,,,,,,,,,,,,,,,,,,,,,,0.433925049,,0.333500454,0.036895951,-0.100424595,-23.14330441,,,0.35,0.06,-0.080361381,-18.51964559,,-0.020063214,,0.02589776,70.19133443,,,,,,
mean degree,,,,,,,,,,,,,,,,,,,,,,,,,,,,,,,,,,,,,,,,,,,,,,,,,,,,,,,,,,,,,,,,,,,,,,,,,,,,,,,,,,,,1.857142857,,2.31561044,0.086890244,0.458467583,24.68671602,,,2.36,0.10,0.501554253,27.00676745,,0.043086669,,0.010351201,11.91296074,,,,,,
cv degree,,,,,,,,,,,,,,,,,,,,,,,,,,,,,,,,,,,,,,,,,,,,,,,,,,,,,,,,,,,,,,,,,,,,,,,,,,,,,,,,,,,,0.553056636,,0.37724319,0.034965749,-0.175813446,-31.78941081,,,0.37,0.04,-0.184350634,-33.33304796,,0.008537188,,0.004828764,13.80998284,,,,,,
correlation vertex degree,,,,,,,,,,,,,,,,,,,,,,,,,,,,,,,,,,,,,,,,,,,,,,,,,,,,,,,,,,,,,,,,,,,,,,,,,,,,,,,,,,,,-0.444444444,,-0.401645821,0.069163841,0.042798623,-9.629690277,,,-0.39,0.12,0.050056663,-11.26274921,,0.00725804,,0.053816353,77.80995451,,,,,,
n nodes simple,,,,,,,,,,,,,,,,,,,,,,,,,,,,,,,,,,,,,,,,,,,,,,,,,,,,,,,,,,,,,,,,,,,,,,,,,,,,,,,,,,,,14,,35.03,9.775944967,21.03,150.2142857,,,40.89,10.67,26.89,192.0714286,,5.86,,0.89822479,9.188112176,,,,,,
n nodes complex,,,,,,,,,,,,,,,,,,,,,,,,,,,,,,,,,,,,,,,,,,,,,,,,,,,,,,,,,,,,,,,,,,,,,,,,,,,,,,,,,,,,36,,445.08,17.77508368,409.08,1136.333333,,,420.25,24.91,384.25,1067.361111,,-24.83,,7.13931978,40.16476044,,,,,,
,,,,,,,,,,,,,,,,,,,,,,,,,,,,,,,,,,,,,,,,,,,,,,,,,,,,,,,,,,,,,,,,,,,,,,,,,,,,,,,,,,,,,,,,,,,,,,,,,,,,,,,,,,
,,,,,,,,,,,,,,,,,,,,,,,,,,,,,,,,,,,,,,,,,,,,,,,,,,,,,,,,,,,,,,,,,,,,,,,,,,,,,,,,,,,,,,,,,,,,,,,,,,,,36.33751314,,,,,,
